account_id,user_id,balance
A1,U1660,39415.2
A2,U82,5055.71
A3,U1863,31693.03
A4,U1449,9193.07
A5,U1654,41236.21
A6,U2249,31490.36
A7,U1830,12421.56
A8,U2123,19846.75
A9,U881,24533.11
A10,U1048,48762.22
A11,U2655,18996.39
A12,U1608,34232.83
A13,U461,38890.71
A14,U351,49759.35
A15,U2720,37973.31
A16,U2722,25526.51
A17,U239,16477.58
A18,U1309,14264.24
A19,U1101,25839.55
A20,U2244,36978.85
A21,U1480,44509.25
A22,U1950,25863.06
A23,U851,23580.89
A24,U270,32707.31
A25,U1729,32996.93
A26,U1478,23277.79
A27,U1296,14441.69
A28,U1062,1753.35
A29,U2997,27299.43
A30,U2386,8453.3
A31,U1492,38212.0
A32,U1470,15299.33
A33,U1778,24671.15
A34,U1932,4332.83
A35,U1046,38018.48
A36,U1257,41636.67
A37,U565,41106.43
A38,U2410,37521.38
A39,U1866,35618.08
A40,U1655,38448.6
A41,U2917,32037.34
A42,U902,13657.96
A43,U2804,7755.64
A44,U1364,27561.99
A45,U1803,1453.57
A46,U2916,38962.38
A47,U1039,7202.09
A48,U1176,10785.53
A49,U1872,26450.66
A50,U1661,37183.84
A51,U320,15295.17
A52,U24,48356.14
A53,U634,47550.21
A54,U706,36475.22
A55,U150,18902.14
A56,U1812,24256.73
A57,U78,37756.61
A58,U676,10036.45
A59,U2594,4967.11
A60,U275,47260.15
A61,U2011,12513.27
A62,U116,24885.56
A63,U1177,43970.38
A64,U439,22164.33
A65,U782,2341.83
A66,U336,31161.86
A67,U1740,27063.58
A68,U197,41858.8
A69,U2492,47578.42
A70,U1247,39723.71
A71,U312,15859.01
A72,U1757,40130.18
A73,U239,9148.81
A74,U851,40915.2
A75,U2668,20186.33
A76,U1287,12239.69
A77,U1998,43010.71
A78,U374,36465.01
A79,U1119,39998.71
A80,U2239,27703.32
A81,U1033,35512.89
A82,U1579,40278.09
A83,U1287,17820.26
A84,U2288,47956.49
A85,U458,43128.33
A86,U381,20869.29
A87,U2059,28773.27
A88,U1492,45522.27
A89,U328,28424.61
A90,U29,3936.7
A91,U860,6112.86
A92,U139,12138.55
A93,U1259,49034.11
A94,U2102,42581.33
A95,U582,40912.53
A96,U361,15968.44
A97,U210,40724.33
A98,U1823,25024.16
A99,U31,49613.08
A100,U308,11618.65
A101,U1838,43726.01
A102,U1149,45353.23
A103,U2438,18050.15
A104,U2497,42997.33
A105,U2867,11864.89
A106,U2649,31274.8
A107,U1920,38304.39
A108,U2703,40803.4
A109,U2101,45578.59
A110,U1988,42432.25
A111,U2775,35532.33
A112,U1280,4000.56
A113,U512,23063.34
A114,U2910,10700.97
A115,U2325,30290.42
A116,U309,29634.48
A117,U937,30179.42
A118,U1713,24178.46
A119,U2157,7348.84
A120,U2732,31700.58
A121,U2147,7046.09
A122,U1576,7587.27
A123,U1957,740.3
A124,U2110,12434.74
A125,U547,15360.03
A126,U1514,23516.83
A127,U1906,10759.99
A128,U1552,34288.48
A129,U2773,19366.68
A130,U821,39334.29
A131,U554,9931.08
A132,U937,18128.89
A133,U1718,16917.07
A134,U781,22976.65
A135,U1393,48274.79
A136,U1635,34889.86
A137,U1158,44506.4
A138,U2552,41185.85
A139,U2554,15992.76
A140,U1630,28701.34
A141,U264,30598.1
A142,U2224,10322.17
A143,U395,30485.91
A144,U1139,7966.34
A145,U311,42376.67
A146,U564,42962.35
A147,U2199,27430.36
A148,U1362,21664.35
A149,U2418,17131.4
A150,U900,48111.19
A151,U1989,10626.91
A152,U2425,39606.78
A153,U580,31095.9
A154,U1646,15206.08
A155,U607,36886.06
A156,U194,8083.88
A157,U2985,41771.95
A158,U2298,34717.7
A159,U48,22235.09
A160,U63,21556.23
A161,U836,32217.46
A162,U219,21272.6
A163,U2155,47877.38
A164,U428,43619.55
A165,U7,5360.15
A166,U2813,28449.81
A167,U775,19135.31
A168,U2371,25090.85
A169,U2886,40609.78
A170,U32,42793.56
A171,U830,14300.19
A172,U821,18371.92
A173,U2575,49867.67
A174,U1716,40290.33
A175,U1212,21925.65
A176,U1765,3726.77
A177,U147,38462.94
A178,U2082,36211.32
A179,U1153,17295.97
A180,U811,29497.12
A181,U2548,46294.91
A182,U1579,18869.22
A183,U816,374.02
A184,U1596,23915.22
A185,U2257,40116.09
A186,U2527,33355.74
A187,U2695,24812.04
A188,U1657,25404.43
A189,U1586,22420.95
A190,U704,23560.89
A191,U1134,25827.49
A192,U2734,32448.42
A193,U1385,43792.93
A194,U622,14115.84
A195,U1466,30356.25
A196,U2284,47300.92
A197,U1496,27991.96
A198,U496,9564.22
A199,U2585,24803.96
A200,U2933,38400.39
A201,U1568,2671.36
A202,U2418,37939.4
A203,U2336,17081.44
A204,U202,727.06
A205,U1591,44279.21
A206,U1611,1583.04
A207,U1041,38711.1
A208,U761,10834.17
A209,U1989,44575.46
A210,U2462,22061.78
A211,U1870,25501.16
A212,U2793,9504.22
A213,U2426,33060.09
A214,U1274,32212.08
A215,U764,10883.96
A216,U1410,33991.4
A217,U407,7218.65
A218,U1003,38962.31
A219,U612,10325.37
A220,U431,10485.88
A221,U1149,48541.26
A222,U2479,7965.38
A223,U479,35430.97
A224,U2580,38285.19
A225,U1444,42245.99
A226,U1855,45921.73
A227,U2681,25509.61
A228,U256,14495.63
A229,U879,30311.21
A230,U687,41329.07
A231,U1418,47558.58
A232,U2071,36358.2
A233,U2236,12343.62
A234,U690,2482.66
A235,U2490,28407.62
A236,U993,37708.72
A237,U2277,30602.6
A238,U309,25335.19
A239,U2977,28695.58
A240,U1268,23249.91
A241,U1890,42154.26
A242,U596,49159.73
A243,U6,44378.22
A244,U2318,5839.37
A245,U909,13740.69
A246,U1634,1035.7
A247,U1019,31965.56
A248,U570,41545.58
A249,U1549,33474.96
A250,U1612,44162.29
A251,U2846,36865.83
A252,U43,663.64
A253,U2418,2227.41
A254,U1565,38581.58
A255,U2417,37338.85
A256,U1682,4343.98
A257,U1514,31446.28
A258,U1908,41330.47
A259,U801,14770.15
A260,U2613,4186.23
A261,U2866,1599.04
A262,U1170,29011.11
A263,U1174,13265.44
A264,U2664,39231.17
A265,U2970,49008.54
A266,U947,31602.35
A267,U2085,33329.24
A268,U687,37206.0
A269,U1374,31007.28
A270,U1919,35461.98
A271,U1317,25822.38
A272,U2200,18210.51
A273,U1105,30010.32
A274,U1973,48701.99
A275,U2879,20863.12
A276,U1392,37540.98
A277,U2263,31436.23
A278,U340,33033.54
A279,U2851,29948.2
A280,U687,49668.38
A281,U2035,32507.48
A282,U1391,964.05
A283,U2533,15004.87
A284,U2620,39041.58
A285,U1684,16107.66
A286,U1206,4972.39
A287,U982,46064.15
A288,U1827,11666.67
A289,U2963,39954.14
A290,U548,19610.04
A291,U2983,26983.69
A292,U2630,22468.82
A293,U1303,11728.15
A294,U1535,10228.38
A295,U1633,43834.12
A296,U1858,43521.24
A297,U2509,20326.71
A298,U1577,18075.54
A299,U602,41984.61
A300,U1710,45401.06
A301,U653,45966.64
A302,U981,7918.29
A303,U1796,13217.28
A304,U1363,2987.35
A305,U1048,19117.51
A306,U895,14835.14
A307,U1675,20290.46
A308,U2032,29710.15
A309,U1035,29601.09
A310,U2552,45508.84
A311,U2701,4141.29
A312,U1599,43351.03
A313,U643,35608.19
A314,U1275,11750.72
A315,U2261,36942.72
A316,U2444,3782.75
A317,U2795,21268.65
A318,U641,18177.18
A319,U1929,49682.03
A320,U53,42072.72
A321,U1406,7287.17
A322,U1480,37405.74
A323,U2714,14431.08
A324,U1161,32027.92
A325,U2249,40728.12
A326,U1767,26803.18
A327,U1386,24145.11
A328,U1135,29897.79
A329,U1363,45650.41
A330,U2441,26359.91
A331,U2935,17129.09
A332,U1909,16276.85
A333,U1090,1292.13
A334,U2274,6501.13
A335,U444,47143.08
A336,U2452,48938.49
A337,U2821,24296.76
A338,U2219,30706.16
A339,U1010,6008.69
A340,U1839,32435.74
A341,U1516,15968.72
A342,U1587,32757.16
A343,U1502,44067.14
A344,U2407,3108.51
A345,U665,47099.29
A346,U493,10446.52
A347,U1737,41058.36
A348,U2648,28917.04
A349,U1579,36091.34
A350,U20,10678.57
A351,U1687,46672.82
A352,U2641,41587.92
A353,U2974,30306.41
A354,U2119,20447.68
A355,U383,31933.39
A356,U497,779.07
A357,U1434,19318.96
A358,U1803,34707.67
A359,U1868,20116.65
A360,U484,29623.12
A361,U2851,33389.9
A362,U2313,33946.86
A363,U1094,14284.65
A364,U947,18952.02
A365,U2586,35712.66
A366,U915,35931.01
A367,U1494,25186.66
A368,U2192,22161.47
A369,U2635,37567.66
A370,U2908,29021.63
A371,U1021,7793.2
A372,U1632,4273.61
A373,U648,26315.23
A374,U2254,16569.59
A375,U2511,40378.54
A376,U2894,49603.98
A377,U1607,16419.1
A378,U2615,33160.56
A379,U585,44004.96
A380,U187,36595.77
A381,U1933,11053.28
A382,U2302,13205.01
A383,U418,36836.3
A384,U1837,11463.86
A385,U824,41302.11
A386,U2162,39339.49
A387,U2147,3132.55
A388,U748,8360.78
A389,U673,39173.17
A390,U1721,38133.8
A391,U1389,4702.35
A392,U2511,15832.95
A393,U1988,35013.55
A394,U570,47850.69
A395,U2635,39062.66
A396,U2149,5690.31
A397,U677,28640.08
A398,U2950,36136.62
A399,U2682,18702.57
A400,U752,20963.95
A401,U1016,48033.41
A402,U284,22172.24
A403,U2795,2856.22
A404,U706,47450.86
A405,U1540,18305.11
A406,U966,34170.73
A407,U2277,9066.08
A408,U1066,15581.8
A409,U1762,28193.47
A410,U749,31537.62
A411,U2992,45403.63
A412,U1312,4011.33
A413,U2899,5422.94
A414,U1920,5376.92
A415,U1883,34710.64
A416,U2301,2533.2
A417,U1236,40842.21
A418,U1039,10060.61
A419,U1155,31437.94
A420,U1056,16760.19
A421,U1079,23270.43
A422,U2579,16942.85
A423,U2638,13380.94
A424,U1798,29168.33
A425,U1345,10661.66
A426,U681,26332.25
A427,U2100,44609.99
A428,U576,11992.08
A429,U2584,6770.31
A430,U1527,6081.7
A431,U262,39986.96
A432,U1778,22605.83
A433,U557,37364.14
A434,U2991,12698.03
A435,U2149,28599.6
A436,U1775,19538.35
A437,U223,25306.52
A438,U1858,27417.84
A439,U1565,49747.49
A440,U2690,8264.97
A441,U2338,35797.08
A442,U144,11519.3
A443,U720,22548.61
A444,U1223,9366.11
A445,U610,20153.42
A446,U2149,820.06
A447,U2317,20902.31
A448,U737,6099.35
A449,U2289,47719.99
A450,U2240,22423.85
A451,U1000,19404.07
A452,U1842,4329.62
A453,U2773,19665.73
A454,U2323,6912.42
A455,U2433,32665.38
A456,U543,5400.88
A457,U2910,13399.48
A458,U492,33357.12
A459,U2771,31570.2
A460,U2126,31052.26
A461,U1201,22723.75
A462,U1428,5421.4
A463,U1533,12903.03
A464,U216,44557.82
A465,U1214,9033.86
A466,U415,9741.96
A467,U1949,46815.78
A468,U1124,31941.42
A469,U1313,16130.41
A470,U793,9749.33
A471,U233,13842.94
A472,U214,22726.47
A473,U980,14904.21
A474,U2674,49985.39
A475,U2654,33363.41
A476,U704,20213.0
A477,U2580,32381.62
A478,U1770,38001.72
A479,U1026,7794.61
A480,U1704,32482.99
A481,U2858,43080.32
A482,U2225,42125.0
A483,U2092,8752.43
A484,U2506,39133.88
A485,U2080,38449.42
A486,U2590,39012.12
A487,U2447,1532.82
A488,U670,24290.85
A489,U347,5734.04
A490,U1065,20505.21
A491,U893,23551.88
A492,U2482,28539.53
A493,U2559,44309.76
A494,U1378,22940.69
A495,U2982,15324.8
A496,U1395,28917.31
A497,U2934,39114.61
A498,U1935,28001.14
A499,U1770,39557.15
A500,U2589,3023.95
A501,U1985,16997.61
A502,U1444,24797.0
A503,U2620,22998.03
A504,U2336,28110.61
A505,U2049,16430.49
A506,U2803,11955.47
A507,U2964,6882.31
A508,U1415,49062.6
A509,U961,39208.76
A510,U796,41389.77
A511,U807,27783.94
A512,U1771,12873.94
A513,U730,2754.78
A514,U1903,4993.31
A515,U1773,8756.19
A516,U2150,29863.49
A517,U204,17609.19
A518,U1264,44758.67
A519,U820,47127.84
A520,U1031,3629.2
A521,U2231,46551.24
A522,U2836,46637.58
A523,U2834,17554.8
A524,U973,25813.98
A525,U163,798.85
A526,U1525,47882.71
A527,U1387,30162.16
A528,U1889,31653.97
A529,U2400,48815.27
A530,U2903,17298.4
A531,U52,21479.05
A532,U2851,45988.74
A533,U814,25874.85
A534,U2812,24509.27
A535,U60,30573.96
A536,U2376,6383.73
A537,U688,2522.29
A538,U1141,20474.98
A539,U2195,42389.55
A540,U1513,12720.54
A541,U2277,38033.8
A542,U2526,8367.66
A543,U2041,10299.97
A544,U2305,37696.78
A545,U546,7815.87
A546,U1506,40998.12
A547,U2729,34852.79
A548,U1685,24975.65
A549,U504,7956.11
A550,U566,28931.61
A551,U81,15497.56
A552,U464,960.11
A553,U2789,14709.63
A554,U1239,17947.1
A555,U978,34648.21
A556,U688,14954.57
A557,U466,41117.9
A558,U644,42777.84
A559,U2233,44269.41
A560,U1320,19504.81
A561,U2655,21382.81
A562,U890,35686.1
A563,U2290,19590.33
A564,U2132,45992.63
A565,U1289,23138.82
A566,U740,1998.13
A567,U1423,32589.06
A568,U236,49324.93
A569,U207,24085.22
A570,U623,37161.74
A571,U310,42498.41
A572,U1392,36285.27
A573,U1827,15306.63
A574,U1134,6961.76
A575,U51,25429.33
A576,U2026,19167.87
A577,U1846,23467.51
A578,U1268,28380.13
A579,U478,35415.53
A580,U2234,26008.65
A581,U1291,980.16
A582,U2799,38422.46
A583,U782,22177.34
A584,U2964,42567.33
A585,U15,47837.86
A586,U683,5372.34
A587,U2995,15914.65
A588,U1157,1703.36
A589,U1181,39938.96
A590,U1682,40360.81
A591,U1649,11459.09
A592,U1618,40098.9
A593,U2064,1897.84
A594,U1681,37798.15
A595,U355,29106.96
A596,U1305,49329.17
A597,U1030,21748.86
A598,U527,35414.06
A599,U1754,34262.19
A600,U664,29360.42
A601,U1578,11184.24
A602,U2551,13390.73
A603,U716,23841.6
A604,U132,13404.05
A605,U1595,42185.65
A606,U2682,14532.42
A607,U1129,1211.74
A608,U2954,2150.81
A609,U396,32894.28
A610,U1334,45669.41
A611,U1135,26571.44
A612,U850,2655.9
A613,U2037,34470.32
A614,U440,24645.43
A615,U2757,9330.06
A616,U1437,47019.62
A617,U1246,19498.45
A618,U828,561.7
A619,U2951,25331.63
A620,U2704,42763.31
A621,U813,9768.86
A622,U695,33405.45
A623,U1953,38276.7
A624,U36,12473.45
A625,U2406,42310.78
A626,U580,12658.4
A627,U1811,11911.44
A628,U1831,10800.42
A629,U2813,428.87
A630,U592,37498.3
A631,U1035,2202.21
A632,U759,30256.11
A633,U1540,42541.15
A634,U1618,24572.57
A635,U105,4665.58
A636,U2831,17688.25
A637,U356,40183.36
A638,U846,38569.8
A639,U1363,32453.19
A640,U2978,26755.91
A641,U845,39974.57
A642,U1222,7688.82
A643,U2411,26734.04
A644,U2732,6030.4
A645,U579,13646.94
A646,U2134,47069.24
A647,U321,48503.11
A648,U2429,38600.26
A649,U669,14430.15
A650,U1318,13626.51
A651,U173,27036.8
A652,U1675,39610.84
A653,U2290,21822.76
A654,U2415,40981.82
A655,U1346,30630.4
A656,U724,11160.64
A657,U1753,46096.01
A658,U239,14970.79
A659,U176,19044.54
A660,U2676,25386.99
A661,U870,27633.46
A662,U452,42874.45
A663,U1738,32881.3
A664,U1868,25495.63
A665,U2835,11222.09
A666,U2060,24836.25
A667,U2112,19629.8
A668,U1978,32121.47
A669,U245,39278.42
A670,U1008,21084.32
A671,U2401,37682.1
A672,U1558,15719.37
A673,U1352,3144.02
A674,U1531,22283.81
A675,U1873,27623.06
A676,U383,9414.77
A677,U2163,27980.36
A678,U81,1658.27
A679,U1702,34993.37
A680,U100,27475.86
A681,U2240,38510.99
A682,U1537,26763.87
A683,U1864,40862.46
A684,U499,42217.49
A685,U509,22125.57
A686,U2750,36321.21
A687,U1053,38914.24
A688,U1764,41272.83
A689,U2050,2661.58
A690,U822,5823.9
A691,U2097,6961.68
A692,U1188,38318.81
A693,U907,29434.72
A694,U1941,25528.24
A695,U624,5536.53
A696,U705,46235.77
A697,U288,18123.25
A698,U1659,34866.4
A699,U2403,48995.64
A700,U2021,14985.21
A701,U766,46775.78
A702,U446,37243.55
A703,U451,42346.33
A704,U1815,2461.4
A705,U2852,41808.63
A706,U1002,20499.27
A707,U279,36628.9
A708,U209,38008.56
A709,U1309,27216.94
A710,U54,34076.11
A711,U709,3661.82
A712,U2573,21949.89
A713,U2715,39396.7
A714,U334,37089.53
A715,U2491,47363.16
A716,U2107,42996.92
A717,U1786,2464.11
A718,U1891,28667.24
A719,U739,19871.93
A720,U35,11638.01
A721,U1000,22848.86
A722,U2967,10186.15
A723,U970,3805.05
A724,U574,27737.54
A725,U2585,48126.79
A726,U598,3291.39
A727,U1348,47292.43
A728,U2753,36275.92
A729,U612,30721.29
A730,U1905,33385.8
A731,U702,6232.17
A732,U1031,48856.12
A733,U2320,3813.54
A734,U876,35396.94
A735,U2297,33056.6
A736,U2061,32563.17
A737,U1309,43028.22
A738,U2490,43182.89
A739,U861,14682.8
A740,U355,15222.85
A741,U1341,11505.42
A742,U210,24681.9
A743,U2364,1096.97
A744,U1679,1938.85
A745,U76,22032.66
A746,U301,10782.44
A747,U49,30457.82
A748,U2672,8728.22
A749,U1375,21277.67
A750,U1059,37576.08
A751,U2813,3699.33
A752,U930,12368.65
A753,U1229,35196.86
A754,U1347,32495.28
A755,U2039,33112.81
A756,U1062,48265.08
A757,U1673,14402.87
A758,U2801,33284.1
A759,U1359,46917.29
A760,U1442,49261.58
A761,U2654,45845.96
A762,U2858,45659.88
A763,U2432,42723.79
A764,U874,26839.97
A765,U584,18894.32
A766,U2211,32413.32
A767,U2205,26589.05
A768,U1457,15529.97
A769,U2779,21665.22
A770,U448,35112.43
A771,U967,13934.8
A772,U2377,43856.48
A773,U1487,48249.86
A774,U2223,32691.52
A775,U2806,33031.71
A776,U465,32258.78
A777,U931,49114.48
A778,U2125,22343.93
A779,U2557,34390.35
A780,U1045,14393.97
A781,U1775,33887.24
A782,U2258,27140.54
A783,U2077,13907.65
A784,U1537,38222.81
A785,U763,29805.34
A786,U2388,47060.74
A787,U2543,8740.65
A788,U2480,18434.22
A789,U1203,36023.3
A790,U1350,47865.01
A791,U2632,17094.69
A792,U1938,46257.69
A793,U882,43491.44
A794,U2851,42324.65
A795,U2215,42475.82
A796,U2461,5525.57
A797,U2243,12866.0
A798,U392,4323.59
A799,U1626,18325.54
A800,U557,38490.3
A801,U447,43591.63
A802,U241,26906.82
A803,U171,46127.42
A804,U204,20171.49
A805,U20,25324.95
A806,U519,32272.93
A807,U93,15503.08
A808,U920,44787.41
A809,U1815,40674.94
A810,U1406,42763.79
A811,U2271,30629.46
A812,U1086,5448.1
A813,U2812,34875.16
A814,U1173,3300.66
A815,U947,23462.18
A816,U165,46850.54
A817,U2271,18650.86
A818,U526,11654.84
A819,U773,12193.42
A820,U2004,12058.2
A821,U1834,21324.32
A822,U77,9185.36
A823,U1512,15045.16
A824,U2509,27356.39
A825,U1261,44232.19
A826,U867,29622.22
A827,U372,45790.06
A828,U1140,29448.27
A829,U2568,22301.97
A830,U2658,10648.06
A831,U1960,10085.11
A832,U1200,37634.81
A833,U1340,49407.6
A834,U1681,26208.89
A835,U2239,38256.3
A836,U1617,25682.77
A837,U1994,47102.25
A838,U1190,10397.76
A839,U1434,7995.93
A840,U2104,26540.42
A841,U1269,37792.23
A842,U2889,8125.77
A843,U2074,37631.72
A844,U1936,45762.41
A845,U1423,30427.01
A846,U1848,45384.42
A847,U2592,33737.31
A848,U1821,29728.88
A849,U1928,25315.72
A850,U336,42921.22
A851,U810,47521.06
A852,U2045,47951.45
A853,U872,4291.99
A854,U2995,38828.77
A855,U2079,8949.48
A856,U2796,10454.94
A857,U1805,11154.64
A858,U606,32694.94
A859,U2888,11915.81
A860,U1363,38799.17
A861,U1826,8827.53
A862,U2440,21538.38
A863,U1129,17891.79
A864,U566,42006.03
A865,U456,31008.8
A866,U2952,25304.52
A867,U2792,21427.88
A868,U2412,40916.96
A869,U672,13265.89
A870,U2085,41085.07
A871,U1351,11655.17
A872,U2095,22662.95
A873,U852,47011.78
A874,U119,23051.06
A875,U2125,19818.57
A876,U476,7645.2
A877,U2863,19983.46
A878,U1132,43738.85
A879,U2572,40668.35
A880,U1926,26637.58
A881,U1699,10573.11
A882,U1804,21425.24
A883,U580,19256.28
A884,U1921,20409.18
A885,U655,11481.25
A886,U552,27009.03
A887,U1691,39797.04
A888,U2755,36660.27
A889,U2986,22726.14
A890,U175,35708.69
A891,U477,34989.77
A892,U1146,21817.45
A893,U2842,27577.22
A894,U26,32179.16
A895,U2033,25520.78
A896,U57,23174.51
A897,U2486,30424.87
A898,U707,2127.79
A899,U1720,35610.56
A900,U2842,15950.81
A901,U793,27205.93
A902,U1574,17191.39
A903,U1877,39487.72
A904,U1262,14298.81
A905,U1883,18879.06
A906,U688,34831.39
A907,U2162,26724.93
A908,U2642,27532.26
A909,U2572,21691.64
A910,U599,7243.93
A911,U355,9295.37
A912,U2114,9552.29
A913,U166,44043.09
A914,U829,10781.16
A915,U2879,34303.4
A916,U122,23275.36
A917,U1628,44507.04
A918,U1671,48582.81
A919,U2753,33027.15
A920,U2023,26587.37
A921,U2947,9442.85
A922,U1825,27614.6
A923,U1397,31195.6
A924,U627,14130.87
A925,U2656,4825.44
A926,U613,14172.03
A927,U911,36963.7
A928,U1432,23570.29
A929,U2905,3338.64
A930,U65,20916.66
A931,U1624,40937.59
A932,U1413,5149.52
A933,U1447,30775.53
A934,U1153,44781.8
A935,U2929,38157.49
A936,U1269,44872.67
A937,U2066,42316.71
A938,U484,19904.13
A939,U2781,8904.5
A940,U1973,8176.04
A941,U2595,37042.97
A942,U2063,34971.76
A943,U996,36810.37
A944,U1407,45896.01
A945,U2161,9189.63
A946,U1045,18609.03
A947,U1393,29788.87
A948,U1577,12929.69
A949,U1064,41247.97
A950,U2427,2178.65
A951,U1455,41227.23
A952,U741,38901.64
A953,U1704,19732.61
A954,U2147,1830.29
A955,U2923,42222.54
A956,U2995,32346.79
A957,U2385,12550.14
A958,U336,7326.21
A959,U2651,13288.04
A960,U1605,19297.57
A961,U80,18973.77
A962,U2963,39545.36
A963,U848,1390.24
A964,U474,24627.12
A965,U5,18389.65
A966,U177,17507.09
A967,U310,16990.51
A968,U340,5263.8
A969,U723,39435.78
A970,U2707,21397.43
A971,U1794,18742.57
A972,U679,8367.38
A973,U14,21887.47
A974,U563,7086.31
A975,U104,41203.12
A976,U2258,49561.78
A977,U2657,10428.46
A978,U433,30207.33
A979,U2497,24365.76
A980,U1333,46812.16
A981,U1227,44504.92
A982,U701,21622.19
A983,U2980,32374.0
A984,U2155,35238.64
A985,U2792,9288.31
A986,U360,45107.81
A987,U1473,32115.92
A988,U1264,37863.25
A989,U445,20288.22
A990,U2473,43800.22
A991,U1798,12282.17
A992,U401,21443.89
A993,U2746,14932.47
A994,U2379,2471.31
A995,U2076,40017.16
A996,U1580,21836.4
A997,U316,31651.37
A998,U1783,34881.72
A999,U139,20635.3
A1000,U954,41234.88
A1001,U31,935.45
A1002,U2122,4388.12
A1003,U2259,20416.04
A1004,U1440,25065.49
A1005,U1218,32505.65
A1006,U309,42518.36
A1007,U568,23437.39
A1008,U2493,11136.12
A1009,U1538,395.0
A1010,U644,44975.37
A1011,U1563,48131.11
A1012,U2830,36263.01
A1013,U121,27332.36
A1014,U1777,32369.17
A1015,U2515,17277.51
A1016,U977,2170.02
A1017,U1283,4699.12
A1018,U772,13511.88
A1019,U1434,15411.0
A1020,U2233,16039.04
A1021,U566,36047.58
A1022,U1895,9189.34
A1023,U1200,1858.71
A1024,U2735,4340.1
A1025,U817,22416.33
A1026,U2801,45382.39
A1027,U1674,24917.68
A1028,U781,43410.52
A1029,U1314,30254.72
A1030,U161,8356.36
A1031,U681,14995.06
A1032,U638,13454.93
A1033,U2624,18068.31
A1034,U436,29540.39
A1035,U2596,35168.03
A1036,U1201,23804.82
A1037,U1439,8461.01
A1038,U2573,26023.06
A1039,U206,15781.36
A1040,U5,41040.22
A1041,U1873,47045.59
A1042,U2620,8203.56
A1043,U591,39490.25
A1044,U349,28421.87
A1045,U1315,27902.57
A1046,U730,36072.58
A1047,U289,1174.51
A1048,U2317,20538.35
A1049,U590,47348.97
A1050,U769,7629.05
A1051,U619,8733.59
A1052,U1059,33947.94
A1053,U84,6594.88
A1054,U1649,14485.02
A1055,U1157,39668.8
A1056,U980,2488.98
A1057,U1884,19781.32
A1058,U1169,15852.97
A1059,U1712,18988.82
A1060,U2069,26463.22
A1061,U1162,49034.44
A1062,U2662,42451.07
A1063,U2840,7563.15
A1064,U2074,27350.68
A1065,U1100,10218.76
A1066,U1240,23203.67
A1067,U2455,11145.63
A1068,U1723,2390.19
A1069,U1002,41663.93
A1070,U2904,27293.57
A1071,U2763,8298.7
A1072,U465,33242.62
A1073,U81,4880.91
A1074,U1270,49131.45
A1075,U2128,6242.69
A1076,U260,30553.0
A1077,U2811,33844.59
A1078,U805,7652.89
A1079,U231,4883.06
A1080,U2325,6776.4
A1081,U1250,10358.46
A1082,U2403,30332.12
A1083,U2745,12814.94
A1084,U1110,20792.7
A1085,U2806,43156.51
A1086,U979,16872.72
A1087,U2436,15932.38
A1088,U2599,19014.37
A1089,U1512,44021.68
A1090,U2366,35747.63
A1091,U1272,20971.02
A1092,U2368,2485.9
A1093,U2886,31150.8
A1094,U886,3842.08
A1095,U537,2806.99
A1096,U845,18872.37
A1097,U588,14134.02
A1098,U1845,7832.66
A1099,U1284,23890.11
A1100,U2388,16493.61
A1101,U1730,7158.4
A1102,U1055,2884.86
A1103,U2320,43387.14
A1104,U2801,28046.57
A1105,U2133,39776.64
A1106,U1776,38176.68
A1107,U106,31470.44
A1108,U1140,11533.02
A1109,U1659,46274.04
A1110,U1432,35893.57
A1111,U2696,9000.8
A1112,U2611,13913.05
A1113,U24,10173.71
A1114,U1612,31371.02
A1115,U1511,12054.81
A1116,U1974,21587.94
A1117,U859,23565.44
A1118,U2097,34523.76
A1119,U1847,7693.39
A1120,U1631,5402.18
A1121,U736,21714.46
A1122,U1715,48013.01
A1123,U447,17294.69
A1124,U557,33089.08
A1125,U1358,49287.84
A1126,U1897,26951.17
A1127,U904,20247.69
A1128,U2907,31307.5
A1129,U536,42498.03
A1130,U1005,23392.56
A1131,U329,22628.77
A1132,U2486,23093.15
A1133,U1602,26876.97
A1134,U2420,764.95
A1135,U1223,41431.61
A1136,U2492,40205.25
A1137,U684,4005.12
A1138,U10,31659.38
A1139,U559,33019.83
A1140,U1936,7356.86
A1141,U2016,11503.59
A1142,U1957,17840.15
A1143,U2142,2608.13
A1144,U2581,42091.58
A1145,U211,24354.98
A1146,U460,11731.1
A1147,U1753,46934.78
A1148,U1098,49955.96
A1149,U392,26098.6
A1150,U566,33631.6
A1151,U2128,37256.49
A1152,U225,31225.7
A1153,U1386,15591.07
A1154,U58,44439.87
A1155,U547,41916.6
A1156,U961,8540.94
A1157,U1660,44844.26
A1158,U580,42832.13
A1159,U253,15614.86
A1160,U1033,7682.72
A1161,U558,2866.66
A1162,U1092,489.01
A1163,U2305,7841.65
A1164,U1016,16108.76
A1165,U510,39246.45
A1166,U357,29301.16
A1167,U249,15337.05
A1168,U1076,2532.84
A1169,U1038,34060.72
A1170,U1766,10571.62
A1171,U1950,40377.48
A1172,U2154,27088.88
A1173,U2478,23507.69
A1174,U2166,2446.25
A1175,U2095,9573.67
A1176,U1683,12317.31
A1177,U947,34147.77
A1178,U2465,16010.52
A1179,U2869,17872.48
A1180,U2101,49500.48
A1181,U2230,49298.84
A1182,U1711,47318.36
A1183,U2988,23667.9
A1184,U66,3075.95
A1185,U2741,3831.6
A1186,U56,6350.85
A1187,U1723,28422.35
A1188,U1638,41459.08
A1189,U768,23577.76
A1190,U334,38580.82
A1191,U1370,18156.02
A1192,U2025,13032.81
A1193,U1652,15103.97
A1194,U1149,7073.73
A1195,U72,37384.61
A1196,U1336,16051.65
A1197,U1259,39446.03
A1198,U754,33295.97
A1199,U61,32393.0
A1200,U1478,47420.55
A1201,U1182,30946.5
A1202,U2657,13408.55
A1203,U1743,13468.76
A1204,U1846,23881.71
A1205,U222,44456.27
A1206,U2808,23139.33
A1207,U46,5762.98
A1208,U2427,23865.16
A1209,U2450,45666.58
A1210,U1277,24615.63
A1211,U2344,37893.6
A1212,U1886,10887.82
A1213,U1838,6711.28
A1214,U2900,7143.87
A1215,U2551,9494.0
A1216,U1797,41227.26
A1217,U1158,27468.2
A1218,U7,18515.35
A1219,U2875,45169.21
A1220,U101,39649.04
A1221,U447,13453.48
A1222,U2108,19502.61
A1223,U1194,42576.1
A1224,U1379,30842.39
A1225,U2808,23612.72
A1226,U2128,384.42
A1227,U2691,39100.36
A1228,U2903,21433.05
A1229,U821,1656.82
A1230,U2775,23850.35
A1231,U1186,756.12
A1232,U546,31801.08
A1233,U1258,10600.63
A1234,U2761,38054.85
A1235,U2915,17655.53
A1236,U812,23479.73
A1237,U658,37154.85
A1238,U1542,43830.57
A1239,U2963,48657.21
A1240,U805,1652.39
A1241,U1718,38818.26
A1242,U2536,12887.52
A1243,U819,9208.45
A1244,U1500,32069.25
A1245,U1743,39436.33
A1246,U819,46994.18
A1247,U460,1512.1
A1248,U670,25479.54
A1249,U280,28260.45
A1250,U1807,48868.56
A1251,U648,36604.51
A1252,U979,29235.58
A1253,U416,38793.97
A1254,U2861,44402.59
A1255,U2506,45180.43
A1256,U410,29319.43
A1257,U1236,1690.69
A1258,U2865,2911.29
A1259,U2579,49366.36
A1260,U1031,697.76
A1261,U2328,14815.5
A1262,U2388,47660.4
A1263,U2657,27892.04
A1264,U1475,459.76
A1265,U633,11641.44
A1266,U509,45493.61
A1267,U313,42532.71
A1268,U2119,10137.97
A1269,U1951,27369.31
A1270,U507,14987.48
A1271,U764,46069.77
A1272,U2473,40851.42
A1273,U1607,46918.35
A1274,U990,16045.52
A1275,U294,28161.22
A1276,U1550,26662.79
A1277,U667,16797.74
A1278,U2092,49295.84
A1279,U599,29537.61
A1280,U2171,22209.16
A1281,U635,22512.16
A1282,U2737,11341.14
A1283,U839,38082.57
A1284,U1068,24151.97
A1285,U2521,12356.6
A1286,U1040,41764.33
A1287,U1429,27403.72
A1288,U1117,40272.69
A1289,U1132,37531.78
A1290,U2145,5321.36
A1291,U604,7171.59
A1292,U1749,45602.58
A1293,U1173,35745.34
A1294,U2559,20339.82
A1295,U103,48727.34
A1296,U2455,45212.39
A1297,U2419,22083.13
A1298,U2770,2177.46
A1299,U2199,49701.13
A1300,U2360,1529.05
A1301,U1264,10619.76
A1302,U462,9482.47
A1303,U418,6088.9
A1304,U945,11745.26
A1305,U2469,19951.91
A1306,U2115,24225.8
A1307,U926,34040.55
A1308,U2458,41343.3
A1309,U2863,42628.45
A1310,U17,42887.18
A1311,U930,28005.43
A1312,U2334,49572.32
A1313,U900,21216.83
A1314,U2603,2921.12
A1315,U2955,28142.7
A1316,U2046,11917.25
A1317,U980,11910.5
A1318,U647,10656.03
A1319,U839,22732.73
A1320,U1908,22051.91
A1321,U940,1872.56
A1322,U351,49483.38
A1323,U1925,33620.75
A1324,U1735,23751.68
A1325,U928,22876.27
A1326,U1082,7746.06
A1327,U54,31305.07
A1328,U2352,25140.54
A1329,U2302,44302.04
A1330,U393,12094.3
A1331,U1976,49798.5
A1332,U86,610.08
A1333,U1893,6958.71
A1334,U1961,24181.42
A1335,U2497,14717.47
A1336,U460,9224.58
A1337,U852,21549.33
A1338,U2999,24161.76
A1339,U478,28103.14
A1340,U805,23806.17
A1341,U755,940.51
A1342,U2611,31335.44
A1343,U1282,19759.34
A1344,U1504,34375.2
A1345,U2957,27655.53
A1346,U2990,337.77
A1347,U760,40632.6
A1348,U94,15824.32
A1349,U2582,48133.2
A1350,U1771,20792.05
A1351,U1288,28533.66
A1352,U1031,11248.26
A1353,U2811,39885.76
A1354,U367,44587.47
A1355,U1041,49872.05
A1356,U2389,1239.22
A1357,U2933,49095.7
A1358,U1154,7663.94
A1359,U2928,13285.9
A1360,U890,5094.07
A1361,U786,44228.7
A1362,U204,1445.27
A1363,U2696,49933.49
A1364,U1944,33563.84
A1365,U515,12431.77
A1366,U2865,14056.17
A1367,U2258,8731.61
A1368,U1874,17731.54
A1369,U2495,9352.21
A1370,U2181,12102.93
A1371,U2139,7116.91
A1372,U1043,38484.33
A1373,U2719,4701.96
A1374,U1178,27869.52
A1375,U1077,46361.1
A1376,U2361,23436.84
A1377,U2115,40640.78
A1378,U1532,24933.08
A1379,U1887,17754.62
A1380,U966,32806.64
A1381,U148,48708.13
A1382,U1084,42740.24
A1383,U1325,7753.52
A1384,U766,27693.55
A1385,U2188,43600.29
A1386,U1377,15027.72
A1387,U2700,10290.27
A1388,U526,44538.74
A1389,U643,643.49
A1390,U2081,8072.75
A1391,U795,38143.27
A1392,U344,13669.78
A1393,U2484,38619.11
A1394,U1633,21885.56
A1395,U162,42648.58
A1396,U1974,28332.37
A1397,U1673,41310.43
A1398,U991,38335.12
A1399,U1323,33920.05
A1400,U953,28791.04
A1401,U2660,6801.59
A1402,U2569,34077.6
A1403,U2200,17255.13
A1404,U1388,30478.76
A1405,U2512,12721.86
A1406,U1209,4549.3
A1407,U530,40087.27
A1408,U1508,46520.31
A1409,U512,17159.56
A1410,U1157,4514.34
A1411,U621,27121.26
A1412,U1329,29358.23
A1413,U2199,18484.4
A1414,U885,6364.99
A1415,U2356,777.04
A1416,U2783,9324.52
A1417,U504,21440.09
A1418,U1773,17002.09
A1419,U2160,34045.38
A1420,U314,30523.44
A1421,U105,355.03
A1422,U2642,26042.72
A1423,U996,10938.69
A1424,U908,4712.99
A1425,U2016,45960.48
A1426,U1295,35428.92
A1427,U1856,20004.14
A1428,U1676,12050.65
A1429,U2443,15529.61
A1430,U388,35184.1
A1431,U963,5988.37
A1432,U2360,11623.59
A1433,U2380,46594.36
A1434,U2317,4723.2
A1435,U282,24103.46
A1436,U2855,19162.67
A1437,U2551,27536.6
A1438,U1567,43528.51
A1439,U1518,45823.81
A1440,U2329,24577.4
A1441,U358,25312.37
A1442,U30,32457.5
A1443,U1046,44039.87
A1444,U1555,20807.56
A1445,U2041,39354.89
A1446,U289,17227.46
A1447,U2151,5076.19
A1448,U2639,26459.67
A1449,U277,42066.67
A1450,U84,3425.5
A1451,U1251,9755.11
A1452,U2956,21144.68
A1453,U1323,37672.05
A1454,U1237,32014.86
A1455,U599,15818.58
A1456,U1550,20235.23
A1457,U1780,35342.81
A1458,U1061,15139.8
A1459,U1828,30331.59
A1460,U1976,26562.62
A1461,U2655,1031.55
A1462,U1531,14159.68
A1463,U2450,45244.87
A1464,U198,31904.73
A1465,U2158,28226.67
A1466,U1242,36710.44
A1467,U943,24538.05
A1468,U2258,41745.24
A1469,U1678,30304.59
A1470,U2204,28648.6
A1471,U1876,39155.6
A1472,U900,47317.82
A1473,U1919,39236.28
A1474,U1431,10066.16
A1475,U416,22763.79
A1476,U1331,2668.57
A1477,U59,43811.81
A1478,U773,8722.58
A1479,U1266,18710.3
A1480,U714,9165.83
A1481,U2614,25135.42
A1482,U2121,28152.9
A1483,U2614,49257.39
A1484,U1676,25643.31
A1485,U679,28956.64
A1486,U1510,39365.52
A1487,U2734,42329.62
A1488,U2183,41133.43
A1489,U855,12768.71
A1490,U1531,40529.68
A1491,U1136,36581.35
A1492,U2761,39013.81
A1493,U905,23665.57
A1494,U2169,19582.73
A1495,U1435,9559.59
A1496,U2630,44519.54
A1497,U1037,35529.48
A1498,U2715,3028.66
A1499,U613,28301.61
A1500,U2778,15247.5
A1501,U693,1893.39
A1502,U2985,5377.34
A1503,U2421,20427.27
A1504,U2764,19583.5
A1505,U882,10748.46
A1506,U1826,31666.48
A1507,U885,17840.06
A1508,U2866,49282.53
A1509,U2037,30047.2
A1510,U1651,46861.07
A1511,U187,38135.65
A1512,U2487,7044.36
A1513,U1241,49358.74
A1514,U96,47821.09
A1515,U1433,44921.84
A1516,U1993,29945.12
A1517,U2267,42366.12
A1518,U168,13431.9
A1519,U822,29804.93
A1520,U2787,9369.09
A1521,U1630,17693.54
A1522,U670,5851.19
A1523,U2941,7549.43
A1524,U308,40217.4
A1525,U1562,28986.62
A1526,U1704,16190.91
A1527,U64,20050.5
A1528,U2034,37626.43
A1529,U914,37090.87
A1530,U1382,21985.86
A1531,U1806,49410.82
A1532,U140,4946.16
A1533,U2750,33641.0
A1534,U2880,6167.43
A1535,U520,10948.73
A1536,U2530,26025.67
A1537,U2406,32825.36
A1538,U1132,18029.41
A1539,U2629,21462.71
A1540,U876,4725.42
A1541,U231,11800.82
A1542,U2128,10014.61
A1543,U1494,3409.47
A1544,U620,7744.48
A1545,U1343,15344.99
A1546,U1253,37929.44
A1547,U74,5688.13
A1548,U158,35984.48
A1549,U2580,42784.06
A1550,U2477,36092.71
A1551,U135,41467.25
A1552,U73,40504.66
A1553,U523,7663.8
A1554,U1906,42356.54
A1555,U538,11071.95
A1556,U1051,6590.13
A1557,U1979,45780.74
A1558,U2005,21145.5
A1559,U2679,35986.97
A1560,U2597,37449.62
A1561,U214,37843.16
A1562,U1497,32089.18
A1563,U1832,49624.19
A1564,U1629,44303.62
A1565,U1290,36404.37
A1566,U1069,29488.56
A1567,U2758,34453.7
A1568,U1771,1956.79
A1569,U1400,3132.89
A1570,U419,35296.01
A1571,U379,37535.69
A1572,U2137,26025.6
A1573,U867,24204.26
A1574,U664,34949.74
A1575,U1082,29917.4
A1576,U409,20820.02
A1577,U109,3923.14
A1578,U1784,30568.29
A1579,U1585,34858.1
A1580,U1894,49938.75
A1581,U701,3399.71
A1582,U135,17011.84
A1583,U1932,38267.57
A1584,U1750,18430.36
A1585,U2509,48378.92
A1586,U2714,4301.3
A1587,U175,37380.69
A1588,U1663,33037.58
A1589,U2038,43124.91
A1590,U1518,36628.4
A1591,U2700,2025.39
A1592,U1182,29594.85
A1593,U1014,34538.57
A1594,U1186,41490.61
A1595,U1906,26430.5
A1596,U307,32578.51
A1597,U295,39383.94
A1598,U1589,6945.54
A1599,U2070,37164.09
A1600,U1084,17930.5
A1601,U1275,16499.62
A1602,U2740,18256.2
A1603,U39,19599.63
A1604,U336,13835.87
A1605,U740,23084.16
A1606,U2043,6218.75
A1607,U1127,12211.47
A1608,U2338,35856.44
A1609,U1790,39709.18
A1610,U97,43113.16
A1611,U447,20313.52
A1612,U409,37778.47
A1613,U430,3382.79
A1614,U2195,34542.47
A1615,U2561,26490.24
A1616,U2159,35656.45
A1617,U1984,38059.0
A1618,U176,41116.09
A1619,U1590,8623.29
A1620,U609,19206.27
A1621,U2129,25254.31
A1622,U1863,17163.5
A1623,U549,8931.7
A1624,U1360,7614.75
A1625,U676,32443.42
A1626,U452,49553.26
A1627,U18,12788.3
A1628,U2298,32715.37
A1629,U1253,25525.01
A1630,U657,5790.03
A1631,U2408,19266.78
A1632,U125,5180.25
A1633,U96,38819.57
A1634,U485,7968.9
A1635,U2731,40050.26
A1636,U1002,14959.36
A1637,U1844,19215.59
A1638,U464,42524.71
A1639,U869,27443.94
A1640,U2034,17094.6
A1641,U2930,42632.52
A1642,U1465,9667.58
A1643,U1645,11176.82
A1644,U804,8755.02
A1645,U2794,37156.39
A1646,U1150,11123.64
A1647,U279,6373.57
A1648,U2201,5202.39
A1649,U470,36448.42
A1650,U451,40821.96
A1651,U126,47953.81
A1652,U796,2155.35
A1653,U2221,520.02
A1654,U1257,33730.49
A1655,U906,24745.36
A1656,U2927,15190.3
A1657,U437,48216.26
A1658,U2740,35715.72
A1659,U2190,46667.62
A1660,U844,30476.12
A1661,U2006,2666.69
A1662,U1752,10811.19
A1663,U2821,48853.09
A1664,U2629,3812.73
A1665,U710,10483.91
A1666,U2288,38507.02
A1667,U958,14219.71
A1668,U619,10469.43
A1669,U2774,12832.7
A1670,U2112,3346.27
A1671,U2910,17174.2
A1672,U668,21855.48
A1673,U1251,3023.12
A1674,U2436,24436.5
A1675,U675,3061.15
A1676,U2234,32356.78
A1677,U424,44601.61
A1678,U756,16649.49
A1679,U637,42758.35
A1680,U1401,27243.79
A1681,U1357,20798.25
A1682,U1941,29181.99
A1683,U1170,3065.52
A1684,U1538,21766.11
A1685,U2099,21665.18
A1686,U2095,32578.79
A1687,U1037,4818.91
A1688,U641,48734.01
A1689,U224,27991.22
A1690,U1908,29318.83
A1691,U1762,40144.48
A1692,U1253,10707.84
A1693,U1139,44350.7
A1694,U1534,23964.1
A1695,U729,43805.15
A1696,U2137,16651.05
A1697,U2710,17180.48
A1698,U2621,2218.42
A1699,U857,46032.29
A1700,U2941,20306.69
A1701,U855,37816.26
A1702,U1702,46335.66
A1703,U762,46118.38
A1704,U2682,35247.36
A1705,U1224,5921.87
A1706,U2459,888.72
A1707,U2675,46807.39
A1708,U1315,13716.76
A1709,U2569,49441.41
A1710,U262,9896.74
A1711,U2703,45193.34
A1712,U2839,41658.37
A1713,U1528,47512.66
A1714,U708,35806.71
A1715,U1128,17787.85
A1716,U922,40711.78
A1717,U681,24223.48
A1718,U243,23220.96
A1719,U1938,11456.3
A1720,U684,386.07
A1721,U927,49233.5
A1722,U967,28128.69
A1723,U2459,5484.3
A1724,U2363,32596.93
A1725,U325,35574.25
A1726,U2976,19619.86
A1727,U347,5849.09
A1728,U522,49872.4
A1729,U760,8891.28
A1730,U969,15302.59
A1731,U202,5454.63
A1732,U787,45766.0
A1733,U2293,25181.51
A1734,U142,30968.52
A1735,U74,46911.48
A1736,U2146,2361.56
A1737,U2522,567.05
A1738,U1239,32762.43
A1739,U95,4187.28
A1740,U2543,21525.38
A1741,U452,25961.49
A1742,U882,7513.41
A1743,U1284,19618.38
A1744,U2228,49640.29
A1745,U2990,8169.26
A1746,U2979,41468.69
A1747,U2331,40641.21
A1748,U1013,36742.58
A1749,U2652,26217.67
A1750,U736,37059.9
A1751,U1657,4787.62
A1752,U2131,13133.9
A1753,U1046,18644.17
A1754,U2274,25324.17
A1755,U2356,49523.58
A1756,U2297,16759.14
A1757,U1499,5693.91
A1758,U1117,11001.66
A1759,U1853,1471.22
A1760,U1057,15253.45
A1761,U1787,9431.69
A1762,U2417,21952.92
A1763,U1285,10420.13
A1764,U2151,31023.13
A1765,U1219,32755.73
A1766,U1916,24586.1
A1767,U115,6890.17
A1768,U1449,44446.34
A1769,U1500,40790.52
A1770,U236,21241.58
A1771,U2460,19333.77
A1772,U1976,44178.43
A1773,U2254,30156.63
A1774,U2566,28246.8
A1775,U1880,12205.16
A1776,U1914,14514.91
A1777,U849,29096.93
A1778,U517,23090.2
A1779,U207,38849.21
A1780,U507,40627.09
A1781,U1959,47584.73
A1782,U2339,39209.07
A1783,U2149,48593.53
A1784,U1415,5644.0
A1785,U2629,31515.24
A1786,U1253,14897.47
A1787,U235,24601.04
A1788,U1187,40171.47
A1789,U1543,7447.09
A1790,U1769,21467.11
A1791,U1172,18843.36
A1792,U2146,46368.81
A1793,U2006,35569.6
A1794,U1711,22802.43
A1795,U2082,43546.9
A1796,U439,11664.1
A1797,U501,18351.26
A1798,U1424,5569.91
A1799,U271,18422.68
A1800,U2292,44139.35
A1801,U1094,1007.77
A1802,U401,15347.23
A1803,U2591,3117.45
A1804,U499,26973.05
A1805,U2048,44672.53
A1806,U1142,25641.07
A1807,U675,20319.82
A1808,U1205,37974.76
A1809,U1623,45126.85
A1810,U285,18581.72
A1811,U720,9411.82
A1812,U2666,976.09
A1813,U310,37399.39
A1814,U1252,12888.5
A1815,U2436,44624.98
A1816,U1527,43050.08
A1817,U2854,49145.02
A1818,U1048,1683.01
A1819,U393,14052.93
A1820,U310,20232.54
A1821,U2187,14885.48
A1822,U2725,33158.4
A1823,U2744,4291.74
A1824,U2133,40456.01
A1825,U1408,48641.71
A1826,U748,25528.6
A1827,U943,20529.42
A1828,U1013,18602.3
A1829,U2639,4612.39
A1830,U2345,6778.22
A1831,U1955,43029.01
A1832,U1390,22509.57
A1833,U2602,12183.63
A1834,U2943,7543.86
A1835,U1144,23920.2
A1836,U2126,37860.57
A1837,U310,14227.71
A1838,U2411,5041.49
A1839,U642,28176.09
A1840,U756,10234.67
A1841,U782,18255.09
A1842,U1812,20243.93
A1843,U781,4326.92
A1844,U322,33460.0
A1845,U2271,15550.38
A1846,U1321,49867.18
A1847,U2874,17468.97
A1848,U2523,47484.57
A1849,U218,28611.58
A1850,U232,7899.84
A1851,U870,45912.71
A1852,U137,41719.43
A1853,U1220,14462.5
A1854,U255,48741.55
A1855,U1465,43632.68
A1856,U2208,1657.52
A1857,U1621,38039.71
A1858,U2664,39165.17
A1859,U1944,1387.56
A1860,U2735,37880.67
A1861,U131,31871.49
A1862,U1041,9615.0
A1863,U2623,42931.74
A1864,U2564,45149.92
A1865,U1642,4019.37
A1866,U211,20828.43
A1867,U2049,33459.49
A1868,U11,16163.56
A1869,U1058,2896.95
A1870,U2818,23300.73
A1871,U1666,20098.36
A1872,U1787,2094.38
A1873,U2916,9425.69
A1874,U1152,3994.92
A1875,U1882,28653.62
A1876,U460,12054.03
A1877,U2176,12387.33
A1878,U2845,29784.2
A1879,U908,45890.74
A1880,U1287,9261.31
A1881,U1018,34649.89
A1882,U306,23529.87
A1883,U1204,20199.62
A1884,U1433,32236.37
A1885,U2309,5286.5
A1886,U957,31789.9
A1887,U2478,39225.5
A1888,U1676,49237.21
A1889,U2866,37278.0
A1890,U242,25464.45
A1891,U2181,1160.89
A1892,U36,29126.49
A1893,U752,36611.68
A1894,U469,25510.03
A1895,U1538,7227.26
A1896,U759,6712.02
A1897,U840,15889.1
A1898,U1037,27838.65
A1899,U1799,6833.67
A1900,U2728,28218.52
A1901,U1529,6842.74
A1902,U1551,39641.02
A1903,U2630,3592.3
A1904,U1615,18404.82
A1905,U160,26528.77
A1906,U2529,30086.28
A1907,U1603,15687.04
A1908,U2438,3861.93
A1909,U433,32405.9
A1910,U2923,28492.5
A1911,U2008,27642.68
A1912,U784,5374.99
A1913,U2856,37937.1
A1914,U316,47384.15
A1915,U1384,14324.23
A1916,U2216,24038.48
A1917,U2901,46523.45
A1918,U375,19395.22
A1919,U1457,38244.11
A1920,U2500,41169.57
A1921,U277,42890.45
A1922,U1203,14881.64
A1923,U403,5818.53
A1924,U276,16056.78
A1925,U1563,18304.63
A1926,U321,27222.5
A1927,U2956,21867.25
A1928,U1703,20735.06
A1929,U86,1690.78
A1930,U2733,820.77
A1931,U526,16026.84
A1932,U863,24771.18
A1933,U2676,1587.26
A1934,U2169,44573.94
A1935,U2522,10287.56
A1936,U215,11841.86
A1937,U713,13628.83
A1938,U1857,10569.19
A1939,U1123,39444.19
A1940,U490,37799.92
A1941,U2816,2109.97
A1942,U1493,10158.21
A1943,U187,34829.28
A1944,U2585,9340.39
A1945,U2585,5011.53
A1946,U610,15666.61
A1947,U465,17494.33
A1948,U2997,2811.53
A1949,U1496,46246.5
A1950,U69,14750.16
A1951,U1328,36115.67
A1952,U2146,35186.17
A1953,U950,45118.59
A1954,U2963,43831.72
A1955,U1390,40272.98
A1956,U280,21742.54
A1957,U445,40140.84
A1958,U1695,29991.31
A1959,U1448,22036.98
A1960,U718,17359.18
A1961,U2036,14973.78
A1962,U1917,49063.69
A1963,U2850,44296.88
A1964,U899,1616.19
A1965,U277,25815.52
A1966,U2279,48377.07
A1967,U89,28292.51
A1968,U2337,36914.64
A1969,U979,13575.92
A1970,U2894,10782.55
A1971,U1777,2884.07
A1972,U1387,2800.71
A1973,U630,29030.74
A1974,U2589,28900.42
A1975,U1108,14431.12
A1976,U872,14720.49
A1977,U1277,11782.76
A1978,U2564,4633.32
A1979,U2929,20424.83
A1980,U238,38485.99
A1981,U742,39117.69
A1982,U1222,6350.13
A1983,U2478,35131.05
A1984,U2065,9244.29
A1985,U2087,34010.47
A1986,U502,10736.65
A1987,U2734,34239.8
A1988,U428,7429.19
A1989,U595,10715.94
A1990,U2912,37221.08
A1991,U2034,15329.74
A1992,U637,43282.84
A1993,U332,25991.58
A1994,U2097,41333.85
A1995,U1720,28218.62
A1996,U2773,22350.64
A1997,U2473,21559.87
A1998,U2454,47124.01
A1999,U1057,27522.16
A2000,U12,37324.65
A2001,U755,37379.63
A2002,U1889,28424.05
A2003,U1841,41052.79
A2004,U1670,12982.35
A2005,U2347,39549.96
A2006,U1436,19224.72
A2007,U2605,43571.28
A2008,U2170,18601.13
A2009,U2249,42075.1
A2010,U1282,40034.46
A2011,U1309,1508.04
A2012,U1491,15324.87
A2013,U2158,6064.38
A2014,U1993,44641.88
A2015,U2418,13194.15
A2016,U2376,13692.86
A2017,U686,6193.05
A2018,U1660,6586.1
A2019,U929,37419.55
A2020,U1875,47586.38
A2021,U340,20504.26
A2022,U1413,19573.86
A2023,U1137,19279.98
A2024,U1588,13386.11
A2025,U2149,42997.12
A2026,U1686,26641.64
A2027,U1469,32685.5
A2028,U2316,20564.37
A2029,U2025,7656.02
A2030,U2253,10456.67
A2031,U447,2538.54
A2032,U2303,39253.79
A2033,U1757,13819.0
A2034,U2540,48760.05
A2035,U1401,23529.72
A2036,U689,46231.63
A2037,U17,40233.37
A2038,U640,822.7
A2039,U303,11515.47
A2040,U2362,10421.0
A2041,U185,18717.06
A2042,U2831,21176.57
A2043,U1282,23247.59
A2044,U2090,31946.26
A2045,U57,37780.5
A2046,U2866,35879.79
A2047,U511,30165.28
A2048,U778,9646.45
A2049,U1346,13812.33
A2050,U2471,48021.11
A2051,U326,5380.41
A2052,U1452,37566.39
A2053,U1926,427.8
A2054,U1934,46112.99
A2055,U2269,17519.35
A2056,U2533,13736.06
A2057,U2260,5772.49
A2058,U2280,42838.55
A2059,U491,2890.72
A2060,U2387,25014.64
A2061,U111,20313.72
A2062,U636,5054.12
A2063,U1976,7125.6
A2064,U1730,4568.87
A2065,U1221,38202.97
A2066,U2879,4908.6
A2067,U2796,9580.39
A2068,U427,35108.51
A2069,U2104,26524.9
A2070,U2697,17094.74
A2071,U2435,19972.34
A2072,U2183,19639.65
A2073,U1700,31444.3
A2074,U2017,33316.62
A2075,U1691,33330.52
A2076,U977,37825.43
A2077,U2263,711.58
A2078,U2709,31378.77
A2079,U2116,11097.84
A2080,U1739,22443.02
A2081,U2473,35811.62
A2082,U1906,9457.01
A2083,U707,24301.1
A2084,U660,13366.34
A2085,U1755,20796.74
A2086,U1474,4875.2
A2087,U1798,42442.31
A2088,U880,43974.7
A2089,U2191,27695.19
A2090,U615,24303.62
A2091,U987,4089.61
A2092,U330,31839.01
A2093,U719,37817.53
A2094,U515,5591.39
A2095,U1804,35739.45
A2096,U2120,13432.46
A2097,U2812,45870.08
A2098,U158,44838.54
A2099,U1692,7292.39
A2100,U200,2395.59
A2101,U1487,6110.68
A2102,U2339,29669.21
A2103,U212,29424.71
A2104,U685,26436.89
A2105,U2394,37019.34
A2106,U1424,2868.33
A2107,U1496,4713.17
A2108,U530,5106.26
A2109,U1820,36008.62
A2110,U1653,37331.97
A2111,U2258,15330.81
A2112,U281,25590.31
A2113,U2820,27147.91
A2114,U2922,19343.8
A2115,U974,16357.38
A2116,U1539,11413.28
A2117,U1645,11649.73
A2118,U380,35655.56
A2119,U1432,42351.86
A2120,U2686,23911.71
A2121,U239,12339.91
A2122,U1015,27960.81
A2123,U457,24950.23
A2124,U2981,32140.96
A2125,U2414,167.38
A2126,U1648,15434.95
A2127,U1328,8000.07
A2128,U883,27498.87
A2129,U1154,42496.59
A2130,U2601,10832.87
A2131,U419,33470.11
A2132,U1020,19094.27
A2133,U650,48163.6
A2134,U905,18640.51
A2135,U2267,1463.06
A2136,U358,12902.24
A2137,U1386,28377.11
A2138,U802,25977.55
A2139,U2260,47045.9
A2140,U1105,23482.65
A2141,U1877,49542.35
A2142,U2457,16792.8
A2143,U2487,38115.19
A2144,U2850,18526.17
A2145,U1781,5642.9
A2146,U2405,18635.06
A2147,U2275,5147.78
A2148,U273,4265.89
A2149,U1949,26196.46
A2150,U632,1914.92
A2151,U2143,22196.8
A2152,U1281,19896.19
A2153,U2165,38602.24
A2154,U1888,35586.15
A2155,U1547,11254.23
A2156,U306,12152.88
A2157,U2881,4933.39
A2158,U1976,11356.49
A2159,U549,12323.03
A2160,U277,37017.59
A2161,U1128,1231.22
A2162,U2635,29728.74
A2163,U2775,43757.5
A2164,U2600,13935.16
A2165,U2753,49824.53
A2166,U1735,20207.52
A2167,U2410,1189.21
A2168,U1254,35957.08
A2169,U627,49645.4
A2170,U1221,12624.67
A2171,U520,12625.62
A2172,U841,33526.44
A2173,U1380,25896.7
A2174,U833,43541.71
A2175,U2085,34290.22
A2176,U2796,42719.16
A2177,U1831,13474.2
A2178,U714,31017.88
A2179,U977,46326.11
A2180,U2722,570.64
A2181,U1966,45011.13
A2182,U930,9886.06
A2183,U1437,11425.87
A2184,U2504,23189.4
A2185,U2514,33828.79
A2186,U1711,635.29
A2187,U1861,35065.64
A2188,U238,38724.85
A2189,U2272,34487.78
A2190,U13,43535.45
A2191,U120,18290.9
A2192,U1376,39713.25
A2193,U2331,16468.56
A2194,U221,46756.23
A2195,U922,14421.33
A2196,U1362,2318.64
A2197,U1280,14286.92
A2198,U2104,37093.84
A2199,U1989,29408.84
A2200,U2741,47327.27
A2201,U1174,29024.38
A2202,U538,31156.05
A2203,U539,41743.29
A2204,U2043,4509.7
A2205,U1677,40675.7
A2206,U1520,13368.09
A2207,U1580,25075.4
A2208,U837,39514.56
A2209,U8,506.31
A2210,U1554,35431.8
A2211,U358,30794.9
A2212,U838,30255.98
A2213,U2669,27378.53
A2214,U2902,9391.15
A2215,U95,37136.18
A2216,U2074,31515.26
A2217,U2723,30939.17
A2218,U2274,9591.96
A2219,U2348,30503.94
A2220,U1445,47928.01
A2221,U1341,21472.72
A2222,U2795,3103.91
A2223,U2367,49281.23
A2224,U2809,29199.75
A2225,U2531,31176.02
A2226,U2071,36524.41
A2227,U1424,14463.39
A2228,U2573,17115.88
A2229,U1878,18485.84
A2230,U1664,25662.04
A2231,U2334,46309.53
A2232,U1564,4656.22
A2233,U2078,13888.43
A2234,U2998,43534.29
A2235,U1582,16782.21
A2236,U2024,45936.23
A2237,U2492,35347.68
A2238,U2152,48313.59
A2239,U21,47577.58
A2240,U1743,41650.71
A2241,U2678,9251.83
A2242,U2004,29434.43
A2243,U65,29348.81
A2244,U2037,1887.51
A2245,U224,43759.45
A2246,U577,11750.13
A2247,U1624,13334.13
A2248,U135,40447.65
A2249,U2632,24833.13
A2250,U2533,47520.67
A2251,U2607,49202.95
A2252,U2094,40680.06
A2253,U2752,23191.82
A2254,U2569,43407.66
A2255,U1759,48184.53
A2256,U2850,24287.6
A2257,U492,23265.9
A2258,U2315,9772.14
A2259,U2567,25930.16
A2260,U1891,48616.43
A2261,U2923,16473.19
A2262,U372,34928.69
A2263,U639,46617.56
A2264,U1473,29205.4
A2265,U2783,21166.62
A2266,U1352,18648.29
A2267,U2950,42297.27
A2268,U2402,44595.39
A2269,U2080,8913.52
A2270,U1671,25434.85
A2271,U173,27597.43
A2272,U22,26194.08
A2273,U703,2776.32
A2274,U1900,45402.25
A2275,U133,15787.5
A2276,U2881,16705.79
A2277,U1322,28521.87
A2278,U2251,13220.99
A2279,U1959,1069.15
A2280,U1789,18525.3
A2281,U2310,43583.89
A2282,U879,1141.2
A2283,U40,11847.37
A2284,U647,25046.07
A2285,U1231,16119.06
A2286,U832,35913.58
A2287,U812,25785.86
A2288,U2960,10247.79
A2289,U2614,10891.79
A2290,U325,8163.05
A2291,U2092,43880.05
A2292,U2197,49708.88
A2293,U1347,9335.97
A2294,U465,1440.34
A2295,U1467,23781.45
A2296,U1690,13006.33
A2297,U863,18692.54
A2298,U397,34840.06
A2299,U2560,12255.49
A2300,U1381,43308.87
A2301,U605,4111.77
A2302,U193,6850.56
A2303,U42,4053.59
A2304,U2909,40139.42
A2305,U823,12888.18
A2306,U543,44513.75
A2307,U2720,18256.42
A2308,U1961,40033.88
A2309,U2991,33338.52
A2310,U2210,6917.92
A2311,U244,1586.11
A2312,U2852,35322.21
A2313,U239,9407.48
A2314,U1642,43565.99
A2315,U2405,46703.32
A2316,U398,16321.23
A2317,U108,22037.29
A2318,U1968,24844.18
A2319,U1795,2366.7
A2320,U273,38940.36
A2321,U1732,21468.55
A2322,U1870,29024.71
A2323,U1614,22775.41
A2324,U1882,24394.2
A2325,U138,29777.72
A2326,U1395,1931.21
A2327,U772,25081.53
A2328,U639,38117.74
A2329,U2463,28523.19
A2330,U1598,29872.24
A2331,U1925,30684.66
A2332,U2302,44109.67
A2333,U1386,47268.68
A2334,U48,37281.37
A2335,U577,20762.48
A2336,U2039,17839.24
A2337,U1513,18365.8
A2338,U535,12714.21
A2339,U1236,42932.46
A2340,U2371,25079.75
A2341,U2693,40486.36
A2342,U962,12816.66
A2343,U597,15340.06
A2344,U2950,12127.88
A2345,U2132,42245.45
A2346,U2765,20470.4
A2347,U2795,12396.76
A2348,U870,11349.45
A2349,U1690,18056.87
A2350,U625,6615.04
A2351,U847,20642.26
A2352,U1306,19278.06
A2353,U1882,20895.43
A2354,U2326,46575.34
A2355,U2667,5928.05
A2356,U2375,11653.03
A2357,U705,14373.08
A2358,U1075,1719.15
A2359,U2379,3646.54
A2360,U1655,12186.18
A2361,U23,25990.46
A2362,U1999,34785.53
A2363,U124,1405.38
A2364,U1661,23711.3
A2365,U1754,22411.58
A2366,U1113,37657.46
A2367,U2067,15274.0
A2368,U1528,5484.34
A2369,U1493,11693.19
A2370,U178,9325.29
A2371,U2448,40388.69
A2372,U2424,15956.95
A2373,U2828,48500.81
A2374,U225,25624.19
A2375,U1899,13053.39
A2376,U2929,45206.4
A2377,U908,7843.8
A2378,U1266,37725.63
A2379,U1968,2868.92
A2380,U475,1868.62
A2381,U2240,47777.17
A2382,U2546,33819.2
A2383,U932,37989.93
A2384,U2267,37748.05
A2385,U639,49708.77
A2386,U50,1478.85
A2387,U2887,39142.35
A2388,U167,9981.79
A2389,U2579,23179.43
A2390,U130,49158.83
A2391,U2579,39391.97
A2392,U1747,45060.67
A2393,U605,8245.95
A2394,U1289,10752.47
A2395,U1279,19335.16
A2396,U315,16346.93
A2397,U899,46807.54
A2398,U1588,32178.03
A2399,U2677,35528.5
A2400,U726,42749.69
A2401,U2851,14559.21
A2402,U851,28125.95
A2403,U2393,4652.5
A2404,U1410,49120.54
A2405,U2133,5749.1
A2406,U2362,45880.78
A2407,U2182,7216.99
A2408,U2679,17849.77
A2409,U969,20423.26
A2410,U191,30320.82
A2411,U1483,41544.22
A2412,U1805,1229.35
A2413,U276,21783.23
A2414,U1868,43714.83
A2415,U1617,47389.25
A2416,U2061,22461.25
A2417,U547,47947.83
A2418,U1132,1174.02
A2419,U1814,37287.13
A2420,U787,34020.38
A2421,U625,32271.55
A2422,U1040,7414.57
A2423,U1703,32347.21
A2424,U844,17029.88
A2425,U1955,10210.18
A2426,U901,34392.56
A2427,U913,7828.21
A2428,U1068,40454.83
A2429,U421,32436.68
A2430,U745,19806.14
A2431,U2759,2126.03
A2432,U704,39655.46
A2433,U1217,21154.55
A2434,U2345,40734.13
A2435,U2606,31344.05
A2436,U2874,45659.08
A2437,U142,2260.61
A2438,U2414,8201.26
A2439,U435,16330.03
A2440,U496,3821.04
A2441,U2082,48120.69
A2442,U1822,9479.81
A2443,U2582,24320.05
A2444,U252,36228.39
A2445,U1907,7126.81
A2446,U2120,19695.97
A2447,U831,16804.78
A2448,U2077,20133.93
A2449,U1188,11781.44
A2450,U610,3624.21
A2451,U303,36102.23
A2452,U735,36480.76
A2453,U2449,24645.81
A2454,U2436,38890.62
A2455,U2775,49202.22
A2456,U1288,28868.45
A2457,U291,19365.22
A2458,U2537,12236.43
A2459,U1625,35517.7
A2460,U1884,27853.09
A2461,U891,12159.29
A2462,U2652,29353.78
A2463,U1590,27384.57
A2464,U173,35888.76
A2465,U403,9832.1
A2466,U2902,19930.78
A2467,U1566,36877.39
A2468,U852,31488.33
A2469,U2885,20896.73
A2470,U1326,31416.8
A2471,U894,23083.52
A2472,U1585,253.17
A2473,U947,8737.89
A2474,U1153,32115.86
A2475,U1413,39789.49
A2476,U2016,30267.38
A2477,U1964,24272.54
A2478,U2274,13985.96
A2479,U558,8619.02
A2480,U1397,22530.77
A2481,U5,29645.42
A2482,U391,45412.62
A2483,U23,9684.66
A2484,U2089,4711.69
A2485,U36,47428.28
A2486,U716,36257.67
A2487,U1123,28632.55
A2488,U850,15763.76
A2489,U2431,1762.16
A2490,U526,42275.87
A2491,U922,10647.18
A2492,U2728,43844.35
A2493,U291,11746.34
A2494,U419,5074.28
A2495,U1514,28084.78
A2496,U2673,2913.81
A2497,U1648,45744.0
A2498,U595,41331.7
A2499,U1175,25661.58
A2500,U2838,26427.53
A2501,U2012,45712.64
A2502,U1912,23445.9
A2503,U2646,29639.0
A2504,U212,20471.12
A2505,U2943,48133.17
A2506,U836,24649.26
A2507,U2769,9682.8
A2508,U2659,21150.55
A2509,U1177,26521.76
A2510,U2356,27418.69
A2511,U2275,1068.54
A2512,U1155,47577.8
A2513,U524,27539.05
A2514,U1573,25441.31
A2515,U1732,20995.06
A2516,U2469,23771.06
A2517,U2485,4229.02
A2518,U1645,23504.07
A2519,U2462,41692.98
A2520,U2169,27028.19
A2521,U2761,13480.18
A2522,U901,37332.92
A2523,U2540,872.79
A2524,U1880,44373.28
A2525,U1971,44101.49
A2526,U1998,34086.35
A2527,U616,12768.9
A2528,U1768,19193.42
A2529,U1869,28665.33
A2530,U589,35824.2
A2531,U2685,41543.62
A2532,U883,23063.43
A2533,U2105,36166.04
A2534,U1651,16465.82
A2535,U2748,47520.01
A2536,U1192,6547.51
A2537,U640,19987.58
A2538,U2642,31871.05
A2539,U948,26277.62
A2540,U2782,41567.94
A2541,U1822,25600.8
A2542,U2051,30407.0
A2543,U92,3994.0
A2544,U2609,27923.47
A2545,U2940,31664.07
A2546,U1159,4837.06
A2547,U116,24537.08
A2548,U362,21324.14
A2549,U571,43168.73
A2550,U709,7961.45
A2551,U490,1635.97
A2552,U117,12438.04
A2553,U556,26574.94
A2554,U2152,37917.68
A2555,U218,14290.84
A2556,U1074,16439.71
A2557,U789,44539.31
A2558,U2973,1751.74
A2559,U2278,13465.33
A2560,U550,14995.15
A2561,U2281,36617.72
A2562,U1934,24427.16
A2563,U1016,13101.92
A2564,U1263,320.72
A2565,U2385,21164.28
A2566,U231,48340.29
A2567,U2989,3872.24
A2568,U2514,45033.97
A2569,U2697,37719.19
A2570,U930,32448.46
A2571,U1048,16383.08
A2572,U1808,23640.73
A2573,U77,33311.64
A2574,U2375,8901.74
A2575,U1837,4769.32
A2576,U2344,26983.71
A2577,U2903,13834.9
A2578,U2791,3312.66
A2579,U2804,32623.97
A2580,U1053,5613.83
A2581,U2691,6241.1
A2582,U2551,4326.38
A2583,U1044,42983.43
A2584,U1527,33373.97
A2585,U1425,26940.4
A2586,U2246,30821.17
A2587,U218,45069.58
A2588,U1403,36951.26
A2589,U2096,36181.99
A2590,U1513,39597.13
A2591,U1677,19187.4
A2592,U1483,1930.23
A2593,U672,30802.18
A2594,U872,23395.6
A2595,U327,10285.32
A2596,U2070,13281.91
A2597,U1880,49633.2
A2598,U175,23972.26
A2599,U916,15067.73
A2600,U1060,18271.02
A2601,U2388,19144.18
A2602,U887,24774.72
A2603,U2101,36471.07
A2604,U1677,31046.92
A2605,U1866,34960.39
A2606,U294,11367.37
A2607,U1599,21493.97
A2608,U1559,40026.99
A2609,U1686,35400.04
A2610,U1395,46866.64
A2611,U2962,41027.75
A2612,U423,9978.01
A2613,U769,32021.62
A2614,U2191,21405.04
A2615,U2026,1711.48
A2616,U179,14618.37
A2617,U2556,30949.44
A2618,U244,3422.7
A2619,U892,43647.58
A2620,U1268,40990.39
A2621,U1003,18549.1
A2622,U2545,29419.87
A2623,U873,36490.32
A2624,U1971,12782.73
A2625,U1747,12142.27
A2626,U684,17778.71
A2627,U1008,38666.33
A2628,U1067,754.54
A2629,U900,34749.28
A2630,U2840,49277.23
A2631,U359,38437.29
A2632,U2366,43737.34
A2633,U2364,5167.1
A2634,U425,6977.11
A2635,U87,48864.42
A2636,U866,41172.43
A2637,U730,26489.72
A2638,U995,23240.75
A2639,U2193,9874.36
A2640,U386,46805.87
A2641,U2917,38071.51
A2642,U1815,21192.24
A2643,U1146,4764.09
A2644,U2571,39036.36
A2645,U2831,3152.5
A2646,U1136,17955.15
A2647,U1701,4113.11
A2648,U449,4938.54
A2649,U1587,34999.15
A2650,U1705,8317.47
A2651,U2058,29366.51
A2652,U657,10286.6
A2653,U1174,24942.52
A2654,U2685,28064.07
A2655,U543,3001.19
A2656,U1467,48078.5
A2657,U1100,41773.54
A2658,U2360,22205.57
A2659,U456,3275.12
A2660,U1823,7593.0
A2661,U2122,31077.69
A2662,U1453,15359.99
A2663,U1401,16901.13
A2664,U99,45431.87
A2665,U1998,12174.48
A2666,U1788,34216.26
A2667,U1987,15466.14
A2668,U1229,42821.18
A2669,U701,10459.16
A2670,U1599,43084.07
A2671,U2697,9315.64
A2672,U654,2479.02
A2673,U1536,17962.42
A2674,U2208,30975.75
A2675,U1350,35118.91
A2676,U1293,12066.34
A2677,U89,29663.59
A2678,U774,48482.92
A2679,U352,26957.31
A2680,U1655,32257.33
A2681,U2644,30716.76
A2682,U1774,40762.12
A2683,U1817,10318.32
A2684,U1839,2506.28
A2685,U834,26430.4
A2686,U597,1007.3
A2687,U293,36356.0
A2688,U446,10441.16
A2689,U135,17406.09
A2690,U821,35758.58
A2691,U2894,21050.23
A2692,U698,38455.08
A2693,U2504,35417.7
A2694,U2682,37676.48
A2695,U2140,12856.65
A2696,U2542,16560.42
A2697,U1446,3843.56
A2698,U2160,33651.61
A2699,U630,9372.14
A2700,U2151,44669.31
A2701,U915,30130.81
A2702,U299,8638.7
A2703,U1571,40154.89
A2704,U1880,18560.56
A2705,U2453,20636.23
A2706,U685,25477.77
A2707,U790,48932.56
A2708,U40,16351.91
A2709,U853,43097.51
A2710,U625,15872.67
A2711,U1666,41831.54
A2712,U1609,14304.37
A2713,U141,40234.26
A2714,U870,39069.76
A2715,U148,49804.98
A2716,U36,20471.05
A2717,U283,22449.38
A2718,U900,23779.96
A2719,U814,22132.69
A2720,U1765,6105.73
A2721,U635,18127.04
A2722,U2247,17668.5
A2723,U1453,45479.68
A2724,U2629,22821.18
A2725,U192,5358.6
A2726,U1833,43491.26
A2727,U1268,47243.21
A2728,U2072,18300.4
A2729,U1597,30715.68
A2730,U533,48724.09
A2731,U297,971.59
A2732,U1474,25069.94
A2733,U224,18929.9
A2734,U1923,23110.55
A2735,U236,46879.46
A2736,U2477,47159.32
A2737,U2605,27259.71
A2738,U2975,16443.09
A2739,U2258,46409.56
A2740,U1448,42996.77
A2741,U1036,17993.51
A2742,U1007,19307.4
A2743,U1190,41709.67
A2744,U793,19807.13
A2745,U87,44696.52
A2746,U931,16978.68
A2747,U1928,3910.12
A2748,U2408,8642.34
A2749,U2733,899.93
A2750,U470,28536.28
A2751,U2848,14538.21
A2752,U1377,35819.38
A2753,U2583,16537.04
A2754,U1495,34992.09
A2755,U2364,36449.12
A2756,U2570,41493.4
A2757,U2435,48993.82
A2758,U1947,19507.41
A2759,U1996,38066.86
A2760,U1761,26191.21
A2761,U1848,20745.83
A2762,U2116,4534.37
A2763,U2511,24678.53
A2764,U237,2804.89
A2765,U1581,17914.5
A2766,U1813,5944.93
A2767,U1014,416.08
A2768,U2979,28869.27
A2769,U2340,21559.55
A2770,U121,27828.41
A2771,U625,44690.35
A2772,U2442,37516.42
A2773,U1513,49807.73
A2774,U2451,33637.63
A2775,U1689,20922.3
A2776,U2307,43250.67
A2777,U1873,14334.04
A2778,U110,26634.23
A2779,U2028,46002.43
A2780,U1098,1631.26
A2781,U525,44759.07
A2782,U2839,28420.82
A2783,U268,31850.69
A2784,U811,24466.73
A2785,U109,40437.69
A2786,U1035,15315.38
A2787,U2545,31195.95
A2788,U833,25184.66
A2789,U287,37440.73
A2790,U2319,1953.08
A2791,U1377,33855.48
A2792,U306,31694.5
A2793,U1645,32544.97
A2794,U2957,36921.2
A2795,U2720,49325.96
A2796,U1100,7955.26
A2797,U992,9575.26
A2798,U607,9267.56
A2799,U1642,49960.59
A2800,U1488,25577.17
A2801,U2880,40478.71
A2802,U2412,2652.26
A2803,U1882,15673.27
A2804,U1895,13897.46
A2805,U2941,28444.12
A2806,U1043,15723.71
A2807,U1289,26009.0
A2808,U12,30110.71
A2809,U2349,8650.79
A2810,U2041,3689.41
A2811,U2874,27158.13
A2812,U849,43675.27
A2813,U2762,23724.79
A2814,U2501,30924.57
A2815,U1500,19200.36
A2816,U986,39014.75
A2817,U2006,26992.05
A2818,U457,34250.02
A2819,U1714,30050.39
A2820,U131,15711.59
A2821,U634,37188.97
A2822,U1212,27922.27
A2823,U1381,30266.42
A2824,U1435,14116.52
A2825,U2852,48481.85
A2826,U1094,23745.76
A2827,U2311,44013.72
A2828,U2681,21741.19
A2829,U2362,15150.11
A2830,U2766,46875.36
A2831,U2931,23119.44
A2832,U2564,27318.96
A2833,U1744,39123.69
A2834,U1557,24593.84
A2835,U2018,22130.79
A2836,U499,19099.82
A2837,U1774,49509.71
A2838,U1139,10970.1
A2839,U1343,7130.46
A2840,U1966,35197.38
A2841,U1431,17586.56
A2842,U2310,32063.74
A2843,U961,17648.35
A2844,U2599,44894.66
A2845,U1441,12848.41
A2846,U884,22421.39
A2847,U1134,44623.48
A2848,U2824,29473.91
A2849,U706,26551.16
A2850,U2555,45534.4
A2851,U699,44043.13
A2852,U1336,47459.5
A2853,U1927,18946.03
A2854,U308,14886.55
A2855,U589,44214.73
A2856,U369,47060.56
A2857,U1042,35233.18
A2858,U1478,26845.63
A2859,U2726,2544.82
A2860,U2474,8386.66
A2861,U2288,42799.82
A2862,U2090,16895.92
A2863,U1006,32080.94
A2864,U1110,24249.65
A2865,U1881,40830.4
A2866,U2575,9465.04
A2867,U1116,30088.74
A2868,U1682,5728.01
A2869,U2637,10548.13
A2870,U2702,32991.6
A2871,U1177,18097.79
A2872,U1664,28092.05
A2873,U1453,7501.68
A2874,U1328,46774.57
A2875,U2743,16335.66
A2876,U305,10569.95
A2877,U79,24744.13
A2878,U1806,10882.85
A2879,U1323,37411.04
A2880,U2882,18262.13
A2881,U2612,20713.21
A2882,U1268,30445.98
A2883,U300,45450.56
A2884,U2643,26914.31
A2885,U1763,16293.06
A2886,U954,3889.67
A2887,U2957,38546.72
A2888,U1587,7023.3
A2889,U2032,15377.55
A2890,U1224,31023.28
A2891,U2955,47756.59
A2892,U1187,42282.57
A2893,U2931,30346.55
A2894,U559,27553.76
A2895,U1166,48762.92
A2896,U62,23258.05
A2897,U2177,35673.88
A2898,U158,30363.85
A2899,U133,34007.71
A2900,U2235,9147.08
A2901,U1465,800.61
A2902,U1836,3352.56
A2903,U1498,49293.58
A2904,U110,25201.24
A2905,U2939,19130.56
A2906,U2383,5937.79
A2907,U2017,3014.44
A2908,U1299,41380.1
A2909,U329,16214.31
A2910,U1970,34152.57
A2911,U2637,10771.31
A2912,U2575,49142.62
A2913,U2492,33556.4
A2914,U2053,42110.35
A2915,U1334,18878.71
A2916,U2772,18845.35
A2917,U2355,33701.61
A2918,U145,1188.26
A2919,U3,5845.23
A2920,U753,24988.0
A2921,U2153,847.44
A2922,U2794,20897.79
A2923,U1261,39778.22
A2924,U2870,40881.92
A2925,U2298,2438.84
A2926,U2857,27262.26
A2927,U1727,9831.19
A2928,U1834,31204.34
A2929,U1350,41645.86
A2930,U1645,41285.64
A2931,U278,38670.27
A2932,U217,10883.16
A2933,U376,20824.87
A2934,U2089,38348.59
A2935,U1345,6524.28
A2936,U3,30656.7
A2937,U2743,45283.38
A2938,U1113,46067.04
A2939,U2644,37696.46
A2940,U1703,37031.72
A2941,U1719,11385.93
A2942,U317,887.12
A2943,U1446,47097.48
A2944,U435,26190.06
A2945,U2179,9184.16
A2946,U872,37432.54
A2947,U2383,17324.42
A2948,U1620,4253.81
A2949,U1167,35838.08
A2950,U1532,46403.68
A2951,U1827,39191.13
A2952,U2517,16766.19
A2953,U479,26589.63
A2954,U944,21131.29
A2955,U923,25922.53
A2956,U2870,47532.36
A2957,U2389,15206.74
A2958,U1722,25085.67
A2959,U773,8753.95
A2960,U513,28742.7
A2961,U2225,22836.56
A2962,U2829,17514.98
A2963,U909,30088.57
A2964,U786,19423.26
A2965,U970,35127.94
A2966,U2036,22249.1
A2967,U839,37888.5
A2968,U550,48979.11
A2969,U1056,22827.23
A2970,U570,6373.81
A2971,U2180,49306.69
A2972,U871,12450.26
A2973,U542,47932.22
A2974,U2017,46376.81
A2975,U2665,26615.62
A2976,U301,38145.38
A2977,U409,23190.49
A2978,U2019,18704.21
A2979,U509,46319.45
A2980,U2881,45297.44
A2981,U1907,37036.59
A2982,U1137,20760.68
A2983,U2575,16164.94
A2984,U2267,1232.2
A2985,U987,13015.96
A2986,U1456,35679.31
A2987,U573,6369.74
A2988,U1375,3788.35
A2989,U1476,28626.4
A2990,U1297,39764.62
A2991,U2880,4529.81
A2992,U2085,16654.59
A2993,U2727,11825.87
A2994,U1433,32476.8
A2995,U386,37928.7
A2996,U2851,15863.76
A2997,U491,27810.39
A2998,U596,40222.78
A2999,U336,33368.36
A3000,U1161,48479.23
